CP5S,Time
4,1630743543.373869
3,1630743548.3791256
4,1630743553.3843524
1,1630743558.3895686
3,1630743563.3947904
2,1630743568.4000096
5,1630743573.4052315
1,1630743578.4104538
2,1630743583.4156766
3,1630743588.4208927
2,1630743593.4261014
3,1630743598.4313154
3,1630743603.4365392
5,1630743608.4377215
5,1630743613.4429498
2,1630743618.4481795
0,1630743623.4534106
3,1630743628.4586363
4,1630743633.463863
3,1630743638.4690845
5,1630743643.4743083
2,1630743648.4795313
0,1630743653.4847565
3,1630743658.4899786
6,1630743663.4951928
4,1630743668.5004413
3,1630743673.5056708
1,1630743678.5108988
5,1630743683.5161273
4,1630743688.5213547
1,1630743693.5265806
2,1630743698.5318058
5,1630743703.5370326
3,1630743708.5422597
3,1630743713.5474963
4,1630743718.552788
2,1630743723.5580087
2,1630743728.5632367
3,1630743733.5684626
2,1630743738.5736873
4,1630743743.5789125
4,1630743748.584139
4,1630743753.5893652
3,1630743758.5945978
1,1630743763.599824
2,1630743768.6050475
3,1630743773.6102934
4,1630743778.615515
3,1630743783.6207132
5,1630743788.6259327
4,1630743793.6311407
4,1630743798.6363614
6,1630743803.641565
3,1630743808.6467776
3,1630743813.6519868
5,1630743818.6572044
3,1630743823.6624281
4,1630743828.6676586
4,1630743833.6728902
3,1630743838.6781306
