Temperature,Humidity,Pressure,PM1,PM2.5,PM10,Time
22.13,56.66,1002.2,3,5,6,1630713879.8373415
22.14,56.79,1002.2,3,5,6,1630713879.964475
22.14,56.63,1002.24,3,5,6,1630713881.0906577
22.14,56.72,1002.2,3,5,6,1630713882.2165656
22.14,56.72,1002.2,3,5,6,1630713883.3426087
22.15,56.65,1002.24,3,5,6,1630713884.4719918
